1;for-making-love
2;for-making-love
3;for-making-love
4;for-making-love
5;for-making-love
6;for-making-love
7;for-making-love
8;for-making-love
9;for-making-love
10;for-making-love
11;for-making-love
12;for-making-love
13;for-making-love
14;for-making-love
15;for-making-love
16;for-making-love
17;for-making-love
18;for-making-love
19;for-making-love
20;for-making-love
21;for-making-love
1;for-broken-heart
2;for-broken-heart
3;for-broken-heart
4;for-broken-heart
5;for-broken-heart
6;for-broken-heart
7;for-broken-heart
8;for-broken-heart
9;for-broken-heart
10;for-broken-heart
11;for-broken-heart
12;for-broken-heart
13;for-broken-heart
14;for-broken-heart
15;for-broken-heart
16;for-broken-heart
17;for-broken-heart
18;for-broken-heart
19;for-broken-heart
20;for-broken-heart
21;for-broken-heart
1;for-her
2;for-her
3;for-her
4;for-her
5;for-her
6;for-her
7;for-her
8;for-her
9;for-her
10;for-her
11;for-her
12;for-her
13;for-her
14;for-her
15;for-her
16;for-her
17;for-her
18;for-her
19;for-her
20;for-her
21;for-her
1;for-him
2;for-him
3;for-him
4;for-him
5;for-him
6;for-him
7;for-him
8;for-him
9;for-him
10;for-him
11;for-him
12;for-him
13;for-him
14;for-him
15;for-him
16;for-him
17;for-him
18;for-him
19;for-him
20;for-him
21;for-him
